feature,importance
cart_adds,0.3150400251647752
avg_price,0.14670726458530775
time_on_page,0.1303613932889803
clicks,0.09269370425919668
has_purchased_before,0.06901211499126018
hour_of_day,0.06801448833570502
products_viewed,0.05964458102799204
day_of_week,0.053370433976289273
is_weekend,0.023797082606146498
cat_Books,0.011896742344292454
